,index,Dates,Confirmed,Deaths,Recovered,Active
0,0,1/22/20,557,17,30,510
1,1,1/23/20,657,18,32,607
2,2,1/24/20,944,26,39,879
3,3,1/25/20,1437,42,42,1353
4,4,1/26/20,2120,56,56,2008
5,5,1/27/20,2929,82,65,2782
6,6,1/28/20,5580,131,108,5341
7,7,1/29/20,6169,133,127,5909
8,8,1/30/20,8237,171,145,7921
9,9,1/31/20,9927,213,225,9489
10,10,2/1/20,12038,259,287,11492
11,11,2/2/20,16787,362,476,15949
12,12,2/3/20,19887,426,627,18834
13,13,2/4/20,23899,492,857,22550
14,14,2/5/20,27644,564,1130,25950
15,15,2/6/20,30806,634,1493,28679
16,16,2/7/20,34400,719,2016,31665
17,17,2/8/20,37131,806,2617,33708
18,18,2/9/20,40162,906,3247,36009
19,19,2/10/20,42771,1013,3949,37809
20,20,2/11/20,44814,1113,4684,39017
21,21,2/12/20,45232,1118,5151,38963
22,22,2/13/20,60384,1371,6294,52719
23,23,2/14/20,66912,1523,8061,57328
24,24,2/15/20,69055,1666,9397,57992
25,25,2/16/20,71238,1770,10867,58601
26,26,2/17/20,73273,1868,12587,58818
27,27,2/18/20,75155,2008,14352,58795
28,28,2/19/20,75655,2123,16123,57409
29,29,2/20/20,76216,2248,18181,55787
30,30,2/21/20,76846,2252,18894,55700
31,31,2/22/20,78608,2459,22892,53257
32,32,2/23/20,78990,2470,23397,53123
33,33,2/24/20,79558,2630,25229,51699
34,34,2/25/20,80412,2710,27907,49795
35,35,2/26/20,81385,2771,30388,48226
36,36,2/27/20,82730,2814,33282,46634
37,37,2/28/20,84154,2873,36714,44567
38,38,2/29/20,86030,2943,39785,43302
39,39,3/1/20,88410,2997,42721,42692
40,40,3/2/20,90393,3086,45605,41702
41,41,3/3/20,93004,3160,48227,41617
42,42,3/4/20,95329,3255,51170,40904
43,43,3/5/20,98046,3348,53796,40902
44,44,3/6/20,101976,3461,55864,42651
45,45,3/7/20,106122,3566,58358,44198
46,46,3/8/20,109972,3807,60695,45470
47,47,3/9/20,114299,3997,62495,47807
48,48,3/10/20,119108,4273,64402,50433
49,49,3/11/20,126628,4618,66999,55011
50,50,3/12/20,133383,4930,68328,60125
51,51,3/13/20,146673,5420,70255,70998
52,52,3/14/20,157617,5843,72622,79152
53,53,3/15/20,168876,6496,76031,86349
54,54,3/16/20,183394,7178,78086,98130
55,55,3/17/20,198691,7989,80830,109872
56,56,3/18/20,216348,8907,83317,124124
57,57,3/19/20,243464,10017,84958,148489
58,58,3/20/20,273008,11504,87403,174101
59,59,3/21/20,305423,13233,91650,200540
60,60,3/22/20,339895,14919,97867,227109
61,61,3/23/20,382799,16886,98355,267558
62,62,3/24/20,424883,19201,107974,297708
63,63,3/25/20,475998,22022,113753,340223
64,64,3/26/20,537412,25058,122125,390229
65,65,3/27/20,601349,28538,130910,441901
66,66,3/28/20,670495,32374,139421,498700
67,67,3/29/20,726726,35838,148877,542011
68,68,3/30/20,791975,39895,164213,587867
69,69,3/31/20,870403,44661,177803,647939
70,70,4/1/20,951969,50690,193075,708204
71,71,4/2/20,1034276,56593,210218,767465
72,72,4/3/20,1118278,62818,225640,829820
73,73,4/4/20,1178364,68781,246052,863531
74,74,4/5/20,1250389,74091,259888,916410
75,75,4/6/20,1324900,79957,276597,968346
76,76,4/7/20,1393879,88306,299859,1005714
77,77,4/8/20,1475876,95132,328741,1052003
78,78,4/9/20,1562642,103003,353995,1105644
79,79,4/10/20,1649187,110566,375733,1162888
80,80,4/11/20,1724606,117085,401983,1205538
81,81,4/12/20,1843413,122923,421366,1299124
82,82,4/13/20,1915035,128978,448623,1337434
83,83,4/14/20,1999559,136190,473697,1389672
84,84,4/15/20,2077372,144552,510236,1422584
85,85,4/16/20,2171786,152027,541119,1478640
86,86,4/17/20,2259608,160598,567303,1531707
87,87,4/18/20,2337797,166984,591169,1579644
88,88,4/19/20,2414458,172420,622952,1619086
89,89,4/20/20,2490366,178323,645130,1666913
90,90,4/21/20,2566639,185709,679932,1700998
91,91,4/22/20,2648576,192773,710017,1745786
92,92,4/23/20,2731192,199677,738747,1792768
93,93,4/24/20,2815228,206618,788776,1819834
94,94,4/25/20,2898735,212568,816531,1869636
95,95,4/26/20,2969607,216862,845343,1907402
96,96,4/27/20,3040530,221732,873227,1945571
97,97,4/28/20,3116386,228529,906439,1981418
98,98,4/29/20,3193730,235490,948516,2009724
99,99,4/30/20,3277571,241551,1013632,2022388
100,100,5/1/20,3366612,247090,1051789,2067733
101,101,5/2/20,3444965,252960,1092440,2099565
102,102,5/3/20,3519126,256821,1124973,2137332
103,103,5/4/20,3596511,261187,1159059,2176265
104,104,5/5/20,3676150,267425,1195532,2213193
105,105,5/6/20,3766684,274175,1241651,2250858
106,106,5/7/20,3855365,279849,1281176,2294340
107,107,5/8/20,3945798,285772,1317589,2342437
108,108,5/9/20,4030372,290390,1371030,2368952
109,109,5/10/20,4105625,294441,1404839,2406345
110,110,5/11/20,4181601,298266,1451724,2431611
111,111,5/12/20,4266958,304145,1488766,2474047
112,112,5/13/20,4351291,309599,1544638,2497054
113,113,5/14/20,4446960,315236,1584349,2547375
114,114,5/15/20,4543311,320958,1632452,2589901
115,115,5/16/20,4637422,325507,1688863,2623052
116,116,5/17/20,4715830,329093,1729871,2656866
117,117,5/18/20,4804898,333226,1782787,2688885
118,118,5/19/20,4900712,338357,1834839,2727516
119,119,5/20/20,5006101,343750,1893809,2768542
120,120,5/21/20,5111872,348701,1945029,2818142
121,121,5/22/20,5219116,354391,2053576,2811149
122,122,5/23/20,5323549,358772,2108410,2856367
123,123,5/24/20,5416803,362256,2163937,2890610
124,124,5/25/20,5504950,363762,2227666,2913522
125,125,5/26/20,5597806,368385,2282818,2946603
126,126,5/27/20,5700332,373746,2346145,2980441
127,127,5/28/20,5819997,378796,2413008,3028193
128,128,5/29/20,5941627,383957,2490273,3067397
129,129,5/30/20,6077043,388249,2560723,3128071
130,130,5/31/20,6180063,391390,2637107,3151566
131,131,6/1/20,6280298,395026,2692032,3193240
132,132,6/2/20,6403455,400311,2796144,3207000
133,133,6/3/20,6514707,405982,2875235,3233490
134,134,6/4/20,6652819,411413,2945305,3296101
135,135,6/5/20,6786465,416545,3014470,3355450
136,136,6/6/20,6915947,420646,3086674,3408627
137,137,6/7/20,7026916,423771,3141783,3461362
138,138,6/8/20,7129987,428103,3293394,3408490
139,139,6/9/20,7256299,433214,3375664,3447421
140,140,6/10/20,7393423,438647,3454835,3499941
141,141,6/11/20,7529263,443734,3540714,3544815
142,142,6/12/20,7656735,448463,3620434,3587838
143,143,6/13/20,7790661,452870,3706326,3631465
144,144,6/14/20,7922547,456527,3777145,3688875
145,145,6/15/20,8047368,460513,3857420,3729435
146,146,6/16/20,8191585,467642,3955283,3768660
147,147,6/17/20,8334716,473123,4074114,3787479
148,148,6/18/20,8477439,478450,4155277,3843712
149,149,6/19/20,8658516,484801,4250267,3923448
150,150,6/20/20,8844376,489240,4366121,3989015
151,151,6/21/20,8937381,493828,4434807,4008746
152,152,6/22/20,9079534,497623,4526440,4055471
153,153,6/23/20,9247903,503201,4630495,4114207
154,154,6/24/20,9419321,508674,4746246,4164401
155,155,6/25/20,9598764,513758,4839130,4245876
156,156,6/26/20,9791224,518838,4945110,4327276
157,157,6/27/20,9967569,523533,5051396,4392640
158,158,6/28/20,10136035,527111,5140599,4468325
159,159,6/29/20,10288520,531130,5235170,4522220
160,160,6/30/20,10472387,536360,5352510,4583517
161,161,7/1/20,10687362,541740,5468424,4677198
162,162,7/2/20,10891993,547215,5753358,4591420
163,163,7/3/20,11094491,552454,5863246,4678791
164,164,7/4/20,11284158,557216,6059006,4667936
165,165,7/5/20,11470137,561014,6178369,4730754
166,166,7/6/20,11637924,565232,6302068,4770624
167,167,7/7/20,11847616,571615,6447101,4828900
168,168,7/8/20,12062730,577246,6605157,4880327
169,169,7/9/20,12286932,583055,6739775,4964102
170,170,7/10/20,12520123,588799,6879221,5052103
171,171,7/11/20,12732943,593899,7004913,5134131
172,172,7/12/20,12925798,598187,7116749,5210862
173,173,7/13/20,13119978,602565,7257072,5260341
174,174,7/14/20,13341228,608554,7399324,5333350
175,175,7/15/20,13570474,614450,7559130,5396894
176,176,7/16/20,13815421,620621,7711615,5483185
177,177,7/17/20,14052929,627620,7895036,5530273
178,178,7/18/20,14288253,634123,8045823,5608307
179,179,7/19/20,14500043,639017,8133881,5727145
180,180,7/20/20,14708008,642942,8293009,5772057
181,181,7/21/20,14951214,649290,8467705,5834219
182,182,7/22/20,15226368,656664,8647437,5922267
183,183,7/23/20,15506174,663308,8823667,6019199
184,184,7/24/20,15789853,669761,9051967,6068125
185,185,7/25/20,16039872,675838,9271779,6092255
186,186,7/26/20,16251873,680194,9415080,6156599
187,187,7/27/20,16485967,685481,9586463,6214023
188,188,7/28/20,16750375,692420,9756921,6301034
189,189,7/29/20,17020680,699077,9959507,6362096
190,190,7/30/20,17302394,705829,10173026,6423539
191,191,7/31/20,17590135,712420,10372632,6505083
192,192,8/1/20,17836454,718422,10553543,6564489
193,193,8/2/20,18067253,723079,10692267,6651907
194,194,8/3/20,18273120,727881,10914712,6630527
195,195,8/4/20,18538719,735055,11138369,6665295
196,196,8/5/20,18813884,742442,11360064,6711378
197,197,8/6/20,19100772,749267,11548871,6802634
198,198,8/7/20,19383339,756008,11740917,6886414
199,199,8/8/20,19648697,762024,11941161,6945512
200,200,8/9/20,19881821,767194,12119939,6994688
201,201,8/10/20,20114979,772562,12284150,7058267
202,202,8/11/20,20380894,779182,12589218,7012494
203,203,8/12/20,20655867,786125,12829863,7039879
204,204,8/13/20,20946144,792919,12993779,7159446
205,205,8/14/20,21253349,799500,13277021,7176828
206,206,8/15/20,21502496,805515,13445625,7251356
207,207,8/16/20,21712462,810306,13678579,7223577
208,208,8/17/20,21925194,814926,13889591,7220677
209,209,8/18/20,22184870,821982,14117186,7245702
210,210,8/19/20,22462166,828386,14335183,7298597
211,211,8/20/20,22733728,834823,14542973,7355932
212,212,8/21/20,22995363,840564,14711467,7443332
213,213,8/22/20,23259252,846358,14921384,7491510
214,214,8/23/20,23461903,850678,15137915,7473310
215,215,8/24/20,23689864,855500,15337336,7497028
216,216,8/25/20,23935384,862058,15568885,7504441
217,217,8/26/20,24216911,868600,15794619,7553692
218,218,8/27/20,24504274,874815,16001856,7627603
219,219,8/28/20,24788295,880630,16200974,7706691
220,220,8/29/20,25049222,886422,16412387,7750413
221,221,8/30/20,25268709,890684,16622627,7755398
222,222,8/31/20,25532902,895097,16823417,7814388
223,223,9/1/20,25799948,901698,17081379,7816871
224,224,9/2/20,26081671,907986,17300616,7873069
225,225,9/3/20,26367142,914089,17521985,7931068
226,226,9/4/20,26668469,919927,17735486,8013056
227,227,9/5/20,26942563,925030,17936474,8081059
228,228,9/6/20,27171408,929148,18148265,8093995
229,229,9/7/20,27388630,938756,18345813,8104061
230,230,9/8/20,27635088,943887,18547610,8143591
231,231,9/9/20,27920178,950146,18787877,8182155
232,232,9/10/20,28224506,956148,19004538,8263820
233,233,9/11/20,28540552,962135,19228208,8350209
234,234,9/12/20,28829503,967183,19451142,8411178
235,235,9/13/20,29077841,971129,19638990,8467722
236,236,9/14/20,29344646,975718,19867489,8501439
237,237,9/15/20,29625415,982287,20093776,8549352
238,238,9/16/20,29930144,988147,20323253,8618744
239,239,9/17/20,30245652,993779,20543464,8708409
240,240,9/18/20,30572184,999630,20794613,8777941
241,241,9/19/20,30865433,1004903,21031598,8828932
242,242,9/20/20,31120308,1008864,21268675,8842769
243,243,9/21/20,31379920,1013270,21514153,8852497
244,244,9/22/20,31664502,1019424,21733546,8911532
245,245,9/23/20,31975999,1025950,21996959,8953090
246,246,9/24/20,32296954,1031624,22252629,9012701
247,247,9/25/20,32626988,1037636,22491837,9097515
248,248,9/26/20,32912774,1043060,22753980,9115734
249,249,9/27/20,33159699,1046901,22967859,9144939
250,250,9/28/20,33422132,1050974,23190401,9180757
251,251,9/29/20,33704855,1057067,23431685,9216103
252,252,9/30/20,34029040,1063508,23679903,9285629
253,253,10/1/20,34348097,1072391,23901445,9374261
254,254,10/2/20,34677370,1077986,24073730,9525654
255,255,10/3/20,34974897,1082707,24329331,9562859
256,256,10/4/20,35234868,1086699,24551490,9596679
257,257,10/5/20,35545654,1093738,24788958,9662958
258,258,10/6/20,35861579,1099590,25021584,9740405
259,259,10/7/20,36210409,1105478,25276775,9828156
260,260,10/8/20,36569561,1111841,25496281,9961439
261,261,10/9/20,36929491,1118031,25703071,10108389
262,262,10/10/20,37285269,1122913,25898476,10263880
263,263,10/11/20,37574422,1127039,26121116,10326267
264,264,10/12/20,37863540,1131091,26321235,10411214
265,265,10/13/20,38182736,1136475,26513680,10532581
266,266,10/14/20,38562815,1142664,26725965,10694186
267,267,10/15/20,38969727,1148846,26933292,10887589
268,268,10/16/20,39379841,1155034,27136306,11088501
269,269,10/17/20,39752122,1160722,27334589,11256811
270,270,10/18/20,40083091,1164575,27536100,11382416
271,271,10/19/20,40456819,1169279,27738631,11548909
272,272,10/20/20,40845258,1175927,27950078,11719253
273,273,10/21/20,41284246,1182783,28161300,11940163
274,274,10/22/20,41766141,1188678,28388093,12189370
275,275,10/23/20,42259464,1195774,28594827,12468863
276,276,10/24/20,42716399,1201633,28806408,12708358
277,277,10/25/20,43075271,1205888,29003666,12865717
278,278,10/26/20,43558039,1211502,29242801,13103736
279,279,10/27/20,44025166,1218971,29832506,12973689
280,280,10/28/20,44545331,1226153,30098468,13220710
281,281,10/29/20,45095533,1233353,30345219,13516961
282,282,10/30/20,45667453,1241032,30600993,13825428
283,283,10/31/20,46140521,1247633,30845322,14047566
284,284,11/1/20,46578346,1252754,31103269,14222323
285,285,11/2/20,47124144,1258831,31383406,14481907
286,286,11/3/20,47687370,1268401,31634979,14783990
287,287,11/4/20,48179254,1278474,31914298,14986482
288,288,11/5/20,48797355,1287140,32217953,15292262
289,289,11/6/20,49418035,1296293,32506314,15615428
290,290,11/7/20,50018613,1304044,32805330,15909239
291,291,11/8/20,50507991,1310134,33058570,16139287
292,292,11/9/20,51015344,1317367,33315623,16382354
293,293,11/10/20,51584035,1327212,33572983,16683840
294,294,11/11/20,52207902,1337763,33953207,16916932
295,295,11/12/20,52849089,1347539,34179446,17322104
296,296,11/13/20,53511354,1357333,34481578,17672443
297,297,11/14/20,54098071,1366456,34759397,17972218
298,298,11/15/20,54588152,1373069,34990157,18224926
299,299,11/16/20,55110743,1380815,35380887,18349041
300,300,11/17/20,55711651,1391865,35814478,18505308
301,301,11/18/20,56333395,1403318,36177588,18752489
302,302,11/19/20,56987195,1414437,36551887,19020871
303,303,11/20/20,57661994,1426198,36907311,19328485
304,304,11/21/20,58256665,1435338,37246581,19574746
305,305,11/22/20,58754988,1442812,37520305,19791871
306,306,11/23/20,59284269,1451121,37931518,19901630
307,307,11/24/20,59875480,1463727,38303697,20108056
308,308,11/25/20,60492564,1475876,38741107,20275581
309,309,11/26/20,61085944,1486879,39107983,20491082
310,310,11/27/20,61780236,1498385,39489609,20792242
311,311,11/28/20,62388191,1507853,39849315,21031023
312,312,11/29/20,62884341,1515166,40167598,21201577
313,313,11/30/20,63386246,1523871,40569854,21292521
314,314,12/1/20,64000060,1536533,41046058,21417469
315,315,12/2/20,64639875,1549165,41508984,21581726
316,316,12/3/20,65331145,1561788,41935968,21833389
317,317,12/4/20,66028057,1574198,42426585,22027274
318,318,12/5/20,66672274,1584750,42862533,22224991
319,319,12/6/20,67216470,1592573,43178577,22445320
320,320,12/7/20,67749899,1600994,43591716,22557189
321,321,12/8/20,68380508,1613152,44032487,22734869
322,322,12/9/20,69046360,1625938,44458967,22961455
323,323,12/10/20,70543065,1638433,44950193,23954439
324,324,12/11/20,71251310,1651586,45428333,24171391
325,325,12/12/20,71901516,1662484,46933276,23305756
326,326,12/13/20,72441006,1670424,47328395,23442187
327,327,12/14/20,72992129,1679263,41338398,29974468
328,328,12/15/20,73639401,1692619,41696562,30250220
329,329,12/16/20,74357620,1706714,42058782,30592124
330,330,12/17/20,75096797,1720040,42434191,30942566
331,331,12/18/20,75819139,1733058,42751919,31334162
332,332,12/19/20,76455192,1744365,43103505,31607322
333,333,12/20/20,77003022,1752607,43380334,31870081
334,334,12/21/20,77549072,1761692,43723554,32063826
335,335,12/22/20,78200908,1775639,44086739,32338530
336,336,12/23/20,78883641,1789594,44410879,32683168
337,337,12/24/20,79578992,1801798,44725551,33051643
338,338,12/25/20,80098070,1810703,45017157,33270210
339,339,12/26/20,80604870,1818142,45425321,33361407
340,340,12/27/20,81017824,1825896,45717709,33474219
341,341,12/28/20,81516322,1835001,46016135,33665186
342,342,12/29/20,82187145,1849835,46369230,33968080
343,343,12/30/20,82912886,1865536,46757475,34289875
344,344,12/31/20,83752922,1879206,47055807,34817909
345,345,1/1/21,84340970,1889166,47359111,35092693
346,346,1/2/21,84921733,1897588,47614296,35409849
347,347,1/3/21,85441964,1905234,47882778,35653952
348,348,1/4/21,85998372,1914640,48173186,35910546
349,349,1/5/21,86740047,1930046,48488547,36321454
350,350,1/6/21,87531140,1945045,48801672,36784423
351,351,1/7/21,88401966,1960109,49125603,37316254
352,352,1/8/21,89238651,1975643,49422866,37840142
353,353,1/9/21,89996490,1988983,49753111,38254396
354,354,1/10/21,90598325,1997927,50023661,38576737
355,355,1/11/21,91212389,2007489,50313949,38890951
356,356,1/12/21,91904368,2024445,50657506,39222417
357,357,1/13/21,92648446,2041166,51023567,39583713
358,358,1/14/21,93409663,2056759,51396412,39956492
359,359,1/15/21,94194086,2072408,51717034,40404644
360,360,1/16/21,94851935,2086332,52034089,40731514
361,361,1/17/21,95379709,2095426,52349804,40934479
362,362,1/18/21,95896370,2105052,52668557,41122761
363,363,1/19/21,96489607,2120912,53071501,41297194
364,364,1/20/21,97176555,2139035,53399272,41638248
365,365,1/21/21,97845910,2156310,53765411,41924189
366,366,1/22/21,98510171,2172398,54147168,42190605
367,367,1/23/21,99087553,2187019,54463661,42436873
368,368,1/24/21,99549640,2196129,54774618,42578893
369,369,1/25/21,100030547,2206539,55089059,42734949
370,370,1/26/21,100592074,2224354,55418602,42949118
371,371,1/27/21,101193489,2241774,55759371,43192344
372,372,1/28/21,101808529,2258324,56075030,43475175
373,373,1/29/21,102398004,2274127,56439137,43684740
374,374,1/30/21,102913279,2287582,56790303,43835394
375,375,1/31/21,103309888,2296686,57079202,43934000
376,376,2/1/21,103752445,2306313,57351844,44094288
377,377,2/2/21,104217638,2321654,57702034,44193950
378,378,2/3/21,104743186,2337835,58031881,44373470
379,379,2/4/21,105215206,2350773,58325870,44538563
380,380,2/5/21,105752234,2368080,58607157,44776997
381,381,2/6/21,106188082,2379941,58901714,44906427
382,382,2/7/21,106539897,2387305,59179149,44973443
383,383,2/8/21,106879323,2396376,59411983,45070964
384,384,2/9/21,107286462,2411446,59783591,45091425
385,385,2/10/21,107726779,2425600,60052899,45248280
386,386,2/11/21,108171668,2439470,60328984,45403214
387,387,2/12/21,108602394,2452467,60616583,45533344
388,388,2/13/21,108983123,2463194,60862826,45657103
389,389,2/14/21,109291949,2469904,61058257,45763788
390,390,2/15/21,109572168,2477310,61346870,45747988
391,391,2/16/21,109931588,2488638,61582275,45860675
392,392,2/17/21,110318098,2500221,61876216,45941661
393,393,2/18/21,110729397,2512133,62112834,46104430
394,394,2/19/21,111139343,2523826,62347470,46268047
395,395,2/20/21,111514994,2532910,62616686,46365398
396,396,2/21/21,111834247,2539495,62833943,46460809
397,397,2/22/21,112128899,2546513,63016513,46565873
398,398,2/23/21,112522205,2558187,63295143,46668875
399,399,2/24/21,112967244,2570714,63504602,46891928
400,400,2/25/21,113420838,2581569,63732294,47106975
401,401,2/26/21,113862905,2592145,63992562,47278198
402,402,2/27/21,114260759,2600847,64243284,47416628
403,403,2/28/21,114569587,2607190,64418461,47543936
404,404,3/1/21,114874619,2614584,64633387,47626648
405,405,3/2/21,115188194,2624940,64903491,47659763
406,406,3/3/21,115630390,2636709,65132899,47860782
407,407,3/4/21,116089183,2647179,65383179,48058825
408,408,3/5/21,116539208,2657662,65609539,48272007
409,409,3/6/21,116953719,2665943,65846042,48441734
410,410,3/7/21,117327628,2671892,66084362,48571374
411,411,3/8/21,117632080,2678930,66358920,48594230
412,412,3/9/21,118046323,2689482,66621153,48735688
413,413,3/10/21,118505237,2699659,66856509,48949069
414,414,3/11/21,118995595,2709896,67129126,49156573
415,415,3/12/21,119485373,2719793,67397682,49367898
416,416,3/13/21,119941540,2728391,67650214,49562935
417,417,3/14/21,120306729,2734208,67895902,49676619
418,418,3/15/21,120659685,2741684,68185781,49732220
419,419,3/16/21,121126306,2752313,68452266,49921727
420,420,3/17/21,121671949,2762913,68716802,50192234
421,421,3/18/21,122220560,2773637,68985878,50461045
422,422,3/19/21,122783774,2784466,69264939,50734369
423,423,3/20/21,123282989,2793257,69523150,50966582
424,424,3/21/21,123722428,2801701,69803249,51117478
425,425,3/22/21,124142334,2809574,70137878,51194882
426,426,3/23/21,124649416,2821066,70451020,51377330
427,427,3/24/21,125279202,2831751,70786662,51660789
428,428,3/25/21,125931213,2843309,71098479,51989425
429,429,3/26/21,126571897,2856079,71463065,52252753
430,430,3/27/21,127156960,2866290,71768318,52522352
431,431,3/28/21,127648936,2873540,72097106,52678290
432,432,3/29/21,128107904,2882140,72401542,52824222
433,433,3/30/21,128669445,2894056,72736785,53038604
434,434,3/31/21,129344333,2906952,73119294,53318087
435,435,4/1/21,130054368,2919242,73464080,53671046
436,436,4/2/21,130699087,2929873,73784287,53984927
437,437,4/3/21,131240000,2939188,74150288,54150524
438,438,4/4/21,131799342,2946571,74498476,54354295
439,439,4/5/21,132294498,2954820,74846289,54493389
440,440,4/6/21,132901088,2967261,75216285,54717542
441,441,4/7/21,133565363,2982646,75699590,54883127
442,442,4/8/21,134401721,2996962,76094849,55309910
443,443,4/9/21,135149203,3011335,76548562,55589306
444,444,4/10/21,135820588,3024365,76933556,55862667
445,445,4/11/21,136529112,3033454,77464028,56031630
446,446,4/12/21,137141843,3043340,77858760,56239743
447,447,4/13/21,137906174,3057147,78345222,56503805
448,448,4/14/21,138718775,3071242,78792112,56855421
449,449,4/15/21,139539240,3084901,79236514,57217825
450,450,4/16/21,140399422,3098289,79740631,57560502
451,451,4/17/21,141193204,3110894,80259167,57823143
452,452,4/18/21,141893042,3120008,80839358,57933676
453,453,4/19/21,142582781,3131108,81374733,58076940
454,454,4/20/21,143422489,3145426,81979570,58297493
455,455,4/21/21,144311697,3160153,82491870,58659674
456,456,4/22/21,145211578,3174027,83128166,58909385
457,457,4/23/21,146119110,3189294,83767998,59161818
458,458,4/24/21,146943708,3202419,84344289,59397000
459,459,4/25/21,147672437,3213172,84878103,59581162
460,460,4/26/21,148360204,3224764,85565469,59569971
461,461,4/27/21,149199698,3239775,86246373,59713550
462,462,4/28/21,150098322,3255731,86843038,59999553
463,463,4/29/21,150993348,3271464,87550354,60171530
464,464,4/30/21,151885124,3285876,88236950,60362298
465,465,5/1/21,152680081,3298907,88919400,60461774
466,466,5/2/21,153367258,3309210,89612414,60445634
467,467,5/3/21,154056430,3320858,90255903,60479669
468,468,5/4/21,154842084,3334944,90912803,60594337
469,469,5/5/21,155684452,3349821,91626285,60708346
470,470,5/6/21,156557027,3364403,92301897,60890727
471,471,5/7/21,157392016,3378864,92998026,61015126
472,472,5/8/21,158180957,3392167,93709031,61079759
473,473,5/9/21,158830262,3402586,94371824,61055852
474,474,5/10/21,159455184,3413649,95000510,61041025
475,475,5/11/21,160181356,3427831,95751514,61002011
476,476,5/12/21,160949285,3441972,96399063,61108250
477,477,5/13/21,161684589,3455407,97089180,61140002
478,478,5/14/21,162394514,3468407,97754527,61171580
479,479,5/15/21,163026332,3480675,98397064,61148593
480,480,5/16/21,163572906,3490946,99064468,61017492
481,481,5/17/21,164115967,3502260,99808930,60804777
482,482,5/18/21,164735736,3516335,100552043,60667358
483,483,5/19/21,165408531,3529805,101250070,60628656
484,484,5/20/21,165690648,3542979,101886759,60260910
485,485,5/21/21,166317126,3555944,102501547,60259635
486,486,5/22/21,166889771,3567379,103118308,60204084
487,487,5/23/21,167371295,3577204,103620279,60173812
488,488,5/24/21,167821988,3586326,104247871,59987791
489,489,5/25/21,168356320,3599291,104824934,59932095
490,490,5/26/21,168924908,3612096,105380747,59932065
491,491,5/27/21,169472084,3625030,106078105,59768949
492,492,5/28/21,169977701,3637031,106633068,59707602
493,493,5/29/21,170458261,3647836,107140668,59669757
494,494,5/30/21,170848359,3656219,107630597,59561543
495,495,5/31/21,171235184,3664888,108159766,59410530
496,496,6/1/21,171695193,3680099,108743649,59271445
497,497,6/2/21,172182839,3691997,109272023,59218819
498,498,6/3/21,172663625,3702161,109701213,59260251
499,499,6/4/21,173088862,3712804,110226715,59149343
500,500,6/5/21,173485801,3722200,110704845,59058756
501,501,6/6/21,173809024,3729480,111146371,58933173
502,502,6/7/21,174130709,3737539,111568368,58824802
503,503,6/8/21,174501507,3748188,111983104,58770215
504,504,6/9/21,174920046,3758340,112435799,58725907
505,505,6/10/21,175373542,3774310,112849488,58749744
506,506,6/11/21,175796101,3786048,113225020,58785033
507,507,6/12/21,176164699,3795852,113563994,58804853
508,508,6/13/21,176467696,3805118,113993655,58668923
509,509,6/14/21,176777155,3813096,114340429,58623630
510,510,6/15/21,177152075,3823843,114800574,58527658
511,511,6/16/21,177541051,3833896,115149801,58557354
512,512,6/17/21,177937352,3843189,115530279,58563884
513,513,6/18/21,178340782,3852389,115849842,58638551
514,514,6/19/21,178689248,3860547,116181692,58647009
515,515,6/20/21,178992685,3867281,116446786,58678618
516,516,6/21/21,179289291,3874264,116804004,58611023
517,517,6/22/21,179699585,3883188,117107408,58708989
518,518,6/23/21,180096639,3892567,117507151,58696921
519,519,6/24/21,180506011,3901219,117796862,58807930
520,520,6/25/21,180924005,3910451,118125509,58888045
521,521,6/26/21,181287198,3917976,118420068,58949154
522,522,6/27/21,181598243,3924053,118678807,58995383
523,523,6/28/21,181931357,3930599,119006263,58994495
524,524,6/29/21,182312782,3938740,119299679,59074363
525,525,6/30/21,182712202,3947939,119580620,59183643
526,526,7/1/21,183147892,3956486,120008476,59182930
527,527,7/2/21,183590296,3964829,120299518,59325949
528,528,7/3/21,183964856,3971747,120569293,59423816
529,529,7/4/21,184293081,3978365,120868181,59446535
530,530,7/5/21,184669762,3985715,121235174,59448873
531,531,7/6/21,185120387,3994205,121563017,59563165
532,532,7/7/21,185585430,4002746,121831180,59751504
533,533,7/8/21,186067233,4011656,122123831,59931746
534,534,7/9/21,186581125,4020028,122462949,60098148
535,535,7/10/21,187003172,4026630,122907153,60069389
536,536,7/11/21,187373731,4034241,123197639,60141851
537,537,7/12/21,187805982,4042305,123499875,60263802
538,538,7/13/21,188331948,4050688,123783322,60497938
539,539,7/14/21,188869898,4059296,124113063,60697539
540,540,7/15/21,189446343,4067921,124394119,60984303
541,541,7/16/21,190042362,4076664,124784824,61180874
542,542,7/17/21,190532880,4084181,125065613,61383086
543,543,7/18/21,190954194,4090720,125382096,61481378
544,544,7/19/21,191440487,4097860,125688817,61653810
545,545,7/20/21,191973048,4118585,126008997,61845466
546,546,7/21/21,192528823,4127246,126315580,62085997
547,547,7/22/21,193094183,4136016,126671708,62286459
548,548,7/23/21,193822391,4144336,126918098,62759957
549,549,7/24/21,194255496,4153031,127435324,62667141
550,550,7/25/21,194701768,4160364,127762741,62778663
551,551,7/26/21,195239936,4168778,128063201,63007957
552,552,7/27/21,195846599,4178622,128409040,63258937
553,553,7/28/21,196496626,4188773,128745703,63562150
554,554,7/29/21,197139678,4199037,129094091,63846550
555,555,7/30/21,197872271,4208588,129401282,64262401
556,556,7/31/21,198391184,4217421,129705211,64468552
557,557,8/1/21,198875362,4224786,129994389,64656187
558,558,8/2/21,199442859,4232832,130277533,64932494
559,559,8/3/21,200077380,4243236,130582001,65252143
560,560,8/4/21,200757719,4253737,130899061,65604921
561,561,8/5/21,201443078,4264688,0,197178390
562,562,8/6/21,202262789,4275137,0,197987652
563,563,8/7/21,202826338,4283804,0,198542534
564,564,8/8/21,203296244,4291244,0,199005000
565,565,8/9/21,203910329,4300002,0,199610327
566,566,8/10/21,204556173,4311595,0,200244578
567,567,8/11/21,205286768,4322113,0,200964655
568,568,8/12/21,205992755,4332617,0,201660138
569,569,8/13/21,206794720,4343077,0,202451643
570,570,8/14/21,207352093,4351801,0,203000292
571,571,8/15/21,207822294,4359215,0,203463079
572,572,8/16/21,208477260,4368977,0,204108283
573,573,8/17/21,209159402,4379740,0,204779662
574,574,8/18/21,209895377,4390553,0,205504824
575,575,8/19/21,210607348,4401994,0,206205354
576,576,8/20/21,211392587,4412484,0,206980103
577,577,8/21/21,211958450,4421383,0,207537067
578,578,8/22/21,212412213,4429077,0,207983136
579,579,8/23/21,213083267,4439024,0,208644243
580,580,8/24/21,213759867,4450068,0,209309799
581,581,8/25/21,214497078,4461417,0,210035661
582,582,8/26/21,215233363,4473024,0,210760339
583,583,8/27/21,215984913,4483372,0,211501541
584,584,8/28/21,216551113,4491811,0,212059302
585,585,8/29/21,217005103,4498553,0,212506550
586,586,8/30/21,217659348,4508016,0,213151332
587,587,8/31/21,218280626,4517231,0,213763395
588,588,9/1/21,218999964,4529722,0,214470242
589,589,9/2/21,219676295,4540940,0,215135355
590,590,9/3/21,220400426,4551646,0,215848780
591,591,9/4/21,220906515,4559388,0,216347127
592,592,9/5/21,221362448,4565877,0,216796571
593,593,9/6/21,221821699,4573888,0,217247811
594,594,9/7/21,222477946,4584381,0,217893565
595,595,9/8/21,223114975,4594486,0,218520489
596,596,9/9/21,223754904,4605202,0,219149702
597,597,9/10/21,224414149,4614383,0,219799766
598,598,9/11/21,224892321,4622782,0,220269539
599,599,9/12/21,225269285,4628363,0,220640922
600,600,9/13/21,225831447,4637404,0,221194043
601,601,9/14/21,226382098,4647309,0,221734789
602,602,9/15/21,226949259,4657781,0,222291478
603,603,9/16/21,227536378,4668260,0,222868118
604,604,9/17/21,228159771,4677307,0,223482464
605,605,9/18/21,228690808,4683854,0,224006954
606,606,9/19/21,229059811,4689885,0,224369926
607,607,9/20/21,229576130,4698027,0,224878103
608,608,9/21/21,230065452,4707454,0,225357998
609,609,9/22/21,230600158,4717196,0,225882962
610,610,9/23/21,231147877,4727052,0,226420825
611,611,9/24/21,231697153,4735773,0,226961380
612,612,9/25/21,232077170,4741289,0,227335881
613,613,9/26/21,232439072,4746762,0,227692310
614,614,9/27/21,232908866,4754385,0,228154481
615,615,9/28/21,233360255,4763781,0,228596474
616,616,9/29/21,233850876,4773057,0,229077819
617,617,9/30/21,234340271,4781892,0,229558379
618,618,10/1/21,234862493,4790518,0,230071975
619,619,10/2/21,235219648,4796486,0,230423162
620,620,10/3/21,235533958,4800762,0,230733196
621,621,10/4/21,235968481,4807812,0,231160669
622,622,10/5/21,236391180,4815215,0,231575965
623,623,10/6/21,236898623,4824389,0,232074234
624,624,10/7/21,237360065,4833315,0,232526750
625,625,10/8/21,237836145,4840867,0,232995278
626,626,10/9/21,238183574,4845772,0,233337802
627,627,10/10/21,238505960,4850467,0,233655493
628,628,10/11/21,238880623,4856203,0,234024420
629,629,10/12/21,239319026,4864265,0,234454761
630,630,10/13/21,239776140,4873172,0,234902968
631,631,10/14/21,240229685,4881124,0,235348561
632,632,10/15/21,240688497,4888321,0,235800176
633,633,10/16/21,241039295,4893684,0,236145611
634,634,10/17/21,241359449,4897972,0,236461477
635,635,10/18/21,241769634,4904382,0,236865252
636,636,10/19/21,242201859,4912436,0,237289423
637,637,10/20/21,242678090,4921118,0,237756972
638,638,10/21/21,243140530,4928783,0,238211747
639,639,10/22/21,243633408,4936965,0,238696443
640,640,10/23/21,244016934,4942854,0,239074080
641,641,10/24/21,244337779,4947389,0,239390390
642,642,10/25/21,244763998,4954084,0,239809914
643,643,10/26/21,245190139,4961869,0,240228270
644,644,10/27/21,245704825,4971012,0,240733813
645,645,10/28/21,246188017,4979903,0,241208114
646,646,10/29/21,246684139,4987700,0,241696439
647,647,10/30/21,247078222,4993769,0,242084453
648,648,10/31/21,247441767,4998285,0,242443482
649,649,11/1/21,247862920,5004510,0,242858410
650,650,11/2/21,248267006,5011667,0,243255339
651,651,11/3/21,248791438,5020107,0,243771331
652,652,11/4/21,249311350,5027715,0,244283635
653,653,11/5/21,249835636,5036335,0,244799301
654,654,11/6/21,250273078,5043089,0,245229989
655,655,11/7/21,250633842,5047595,0,245586247
656,656,11/8/21,251104876,5054167,0,246050709
657,657,11/9/21,251572212,5062269,0,246509943
658,658,11/10/21,252149342,5070549,0,247078793
659,659,11/11/21,252670165,5078232,0,247591933
660,660,11/12/21,253268037,5087256,0,248180781
661,661,11/13/21,253709081,5093716,0,248615365
662,662,11/14/21,254087581,5098360,0,248989221
663,663,11/15/21,254614044,5105060,0,249508984
664,664,11/16/21,255119517,5112747,0,250006770
665,665,11/17/21,255738335,5121948,0,250616387
666,666,11/18/21,256359847,5130331,0,251229516
667,667,11/19/21,256975990,5138337,0,251837653
668,668,11/20/21,257476324,5144580,0,252331744
669,669,11/21/21,257896986,5149155,0,252747831
670,670,11/22/21,258498554,5156200,0,253342354
671,671,11/23/21,259088852,5164236,0,253924616
672,672,11/24/21,259749884,5172859,0,254577025
673,673,11/25/21,260348299,5180694,0,255167605
674,674,11/26/21,260958599,5187577,0,255771022
675,675,11/27/21,261442065,5193735,0,256248330
676,676,11/28/21,261872538,5198576,0,256673962
677,677,11/29/21,262503420,5206012,0,257297408
678,678,11/30/21,263103645,5214056,0,257889589
679,679,12/1/21,263808468,5223383,0,258585085
680,680,12/2/21,264514488,5233540,0,259280948
681,681,12/3/21,265243883,5242089,0,260001794
682,682,12/4/21,265779078,5247902,0,260531176
683,683,12/5/21,266238437,5255304,0,260983133
684,684,12/6/21,266837429,5262147,0,261575282
685,685,12/7/21,267477763,5269989,0,262207774
686,686,12/8/21,268190817,5278300,0,262912517
687,687,12/9/21,268888112,5286857,0,263601255
688,688,12/10/21,269581681,5294919,0,264286762
689,689,12/11/21,270102324,5301281,0,264801043
690,690,12/12/21,270558043,5305860,0,265252183
691,691,12/13/21,271168710,5312101,0,265856609
692,692,12/14/21,271806894,5319901,0,266486993
693,693,12/15/21,272546315,5328986,0,267217329
694,694,12/16/21,273288993,5336391,0,267952602
695,695,12/17/21,274056536,5343670,0,268712866
696,696,12/18/21,274626785,5349726,0,269277059
697,697,12/19/21,275139174,5354143,0,269785031
698,698,12/20/21,275875711,5360758,0,270514953
699,699,12/21/21,276632108,5368427,0,271263681
700,700,12/22/21,277542634,5378806,0,272163828
701,701,12/23/21,278549376,5386056,0,273163320
702,702,12/24/21,279441193,5392165,0,274049028
703,703,12/25/21,280143319,5396508,0,274746811
704,704,12/26/21,280723393,5400281,0,275323112
705,705,12/27/21,281991603,5406605,0,276584998
706,706,12/28/21,283318116,5414183,0,277903933
707,707,12/29/21,285014479,5422055,0,279592424
708,708,12/30/21,286956955,5429637,0,281527318
709,709,12/31/21,288702835,5436375,0,283266460
710,710,1/1/22,289928426,5440814,0,284487612
711,711,1/2/22,290848432,5444096,0,285404336
712,712,1/3/22,293207682,5449830,0,287757852
713,713,1/4/22,295707725,5457789,0,290249936
714,714,1/5/22,298281861,5465712,0,292816149
715,715,1/6/22,300939892,5473342,0,295466550
716,716,1/7/22,303883741,5480590,0,298403151
717,717,1/8/22,306062787,5486141,0,300576646
718,718,1/9/22,308098854,5490145,0,302608709
719,719,1/10/22,311287131,5496563,0,305790568
720,720,1/11/22,314319142,5505820,0,308813322
721,721,1/12/22,317772181,5515022,0,312257159
722,722,1/13/22,320954185,5523351,0,315430834
723,723,1/14/22,324270158,5531346,0,318738812
724,724,1/15/22,326767043,5537753,0,321229290
725,725,1/16/22,328944993,5542125,0,323402868
726,726,1/17/22,331606278,5548218,0,326058060
727,727,1/18/22,335367010,5557507,0,329809503
728,728,1/19/22,339456144,5567564,0,333888580
729,729,1/20/22,343161747,5577254,0,337584493
730,730,1/21/22,346997530,5587212,0,341410318
731,731,1/22/22,349786644,5593460,0,344193184
732,732,1/23/22,352243303,5598483,0,346644820
733,733,1/24/22,355665815,5606984,0,350058831
734,734,1/25/22,359316907,5617706,0,353699201
735,735,1/26/22,362979281,5628307,0,357350974
736,736,1/27/22,366735676,5638846,0,361096830
737,737,1/28/22,370355753,5651087,0,364704666
738,738,1/29/22,373096794,5659135,0,367437659
739,739,1/30/22,375413439,5664801,0,369748638
740,740,1/31/22,378900166,5674523,0,373225643
741,741,2/1/22,382060694,5688529,0,376372165
742,742,2/2/22,385249271,5700699,0,379548572
743,743,2/3/22,388421966,5712403,0,382709563
744,744,2/4/22,391366694,5725544,0,385641150
745,745,2/5/22,393666535,5733932,0,387932603
746,746,2/6/22,395538548,5739806,0,389798742
747,747,2/7/22,398134684,5750657,0,392384027
748,748,2/8/22,400759470,5763702,0,394995768
749,749,2/9/22,403198152,5776993,0,397421159
750,750,2/10/22,405978131,5788755,0,400189376
751,751,2/11/22,408399802,5800944,0,402598858
752,752,2/12/22,410319206,5809774,0,404509432
753,753,2/13/22,411836692,5814983,0,406021709
754,754,2/14/22,413536164,5825850,0,407710314
755,755,2/15/22,415415714,5836565,0,409579149
756,756,2/16/22,417653196,5849544,0,411803652
757,757,2/17/22,419710177,5861931,0,413848246
758,758,2/18/22,421689411,5872576,0,415816835
759,759,2/19/22,423317969,5881088,0,417436881
760,760,2/20/22,424643232,5886484,0,418756748
761,761,2/21/22,426039166,5893659,0,420145507
762,762,2/22/22,427751240,5903813,0,421847427
763,763,2/23/22,429678273,5915827,0,423762446
764,764,2/24/22,431446387,5926599,0,425519788
765,765,2/25/22,433083180,5935445,0,427147735
766,766,2/26/22,434512327,5941967,0,428570360
767,767,2/27/22,435659185,5946459,0,429712726
768,768,2/28/22,437017973,5954073,0,431063900
769,769,3/1/22,438641722,5962251,0,432679471
770,770,3/2/22,440302204,5970241,0,434331963
771,771,3/3/22,442058477,5978417,0,436080060
772,772,3/4/22,443812317,5986993,0,437825324
773,773,3/5/22,445281980,5992675,0,439289305
774,774,3/6/22,446494331,5996753,0,440497578
775,775,3/7/22,447917165,6004279,0,441912886
776,776,3/8/22,449667959,6011548,0,443656411
777,777,3/9/22,451507297,6019345,0,445487952
778,778,3/10/22,453368195,6026868,0,447341327
779,779,3/11/22,455218618,6033347,0,449185271
780,780,3/12/22,456966977,6038062,0,450928915
781,781,3/13/22,458248300,6041414,0,452206886
782,782,3/14/22,459877672,6046687,0,453830985
783,783,3/15/22,461680171,6052006,0,455628165
784,784,3/16/22,463903611,6058799,0,457844812
785,785,3/17/22,465956524,6065878,0,459890646
786,786,3/18/22,467870252,6071304,0,461798948
787,787,3/19/22,469579352,6075148,0,463504204
788,788,3/20/22,470649494,6078218,0,464571276
789,789,3/21/22,472120128,6094538,0,466025590
790,790,3/22/22,474095558,6099447,0,467996111
791,791,3/23/22,475868521,6105297,0,469763224
792,792,3/24/22,477619902,6110562,0,471509340
793,793,3/25/22,479461014,6119534,0,473341480
794,794,3/26/22,480817550,6122464,0,474695086
795,795,3/27/22,481729528,6124832,0,475604696
796,796,3/28/22,483222272,6128871,0,477093401
797,797,3/29/22,484971131,6133646,0,478837485
798,798,3/30/22,486563562,6138631,0,480424931
799,799,3/31/22,488409790,6143436,0,482266354
800,800,4/1/22,489574679,6147979,0,483426700
801,801,4/2/22,490623331,6150643,0,484472688
802,802,4/3/22,491412565,6152312,0,485260253
803,803,4/4/22,492318116,6155370,0,486162746
804,804,4/5/22,493676903,6159622,0,487517281
805,805,4/6/22,495130948,6167103,0,488963845
806,806,4/7/22,496347095,6171234,0,490175861
807,807,4/8/22,497527942,6175346,0,491352596
808,808,4/9/22,498300082,6177518,0,492122564
809,809,4/10/22,498868733,6179001,0,492689732
810,810,4/11/22,499840693,6181964,0,493658729
811,811,4/12/22,500920173,6185320,0,494734853
812,812,4/13/22,501974233,6189865,0,495784368
813,813,4/14/22,502943802,6193518,0,496750284
814,814,4/15/22,503654697,6195786,0,497458911
815,815,4/16/22,504209851,6197308,0,498012543
816,816,4/17/22,504632031,6198615,0,498433416
817,817,4/18/22,505109828,6200042,0,498909786
818,818,4/19/22,506095628,6203453,0,499892175
819,819,4/20/22,507059974,6207966,0,500852008
820,820,4/21/22,507971011,6212044,0,501758967
821,821,4/22/22,508770401,6215926,0,502554475
822,822,4/23/22,509287453,6217351,0,503070102
823,823,4/24/22,509666877,6218329,0,503448548
824,824,4/25/22,510254054,6220743,0,504033311
825,825,4/26/22,510906885,6225081,0,504681804
826,826,4/27/22,511752293,6228640,0,505523653
827,827,4/28/22,512478836,6231529,0,506247307
828,828,4/29/22,513152572,6234273,0,506918299
829,829,4/30/22,513514245,6235597,0,507278648
830,830,5/1/22,513809356,6236502,0,507572854
831,831,5/2/22,514284377,6238277,0,508046100
832,832,5/3/22,514977349,6240893,0,508736456
833,833,5/4/22,515596175,6244865,0,509351310
834,834,5/5/22,516186233,6247520,0,509938713
835,835,5/6/22,516814325,6249827,0,510564498
836,836,5/7/22,517160280,6250865,0,510909415
837,837,5/8/22,517423836,6251567,0,511172269
838,838,5/9/22,518057442,6253280,0,511804162
839,839,5/10/22,518788915,6255765,0,512533150
840,840,5/11/22,519482924,6258356,0,513224568
